{"CXRB":0.6769488221,"EXMR":0.1880639698,"FXOG":0.0304435796,"HXSP":2.142574169}