{"('CXRB', 'Automatic')":0.6365714286,"('CXRB', 'Large')":0.726,"('CXRB', 'Ordinary')":0.6580144959,"('CXRB', 'Uncrossing')":0.7205,"('EXMR', 'Automatic')":0.1881081938,"('EXMR', 'Large')":0.171,"('EXMR', 'Ordinary')":0.1901579095,"('EXMR', 'Uncrossing')":0.2156,"('FXOG', 'Automatic')":0.031863389,"('FXOG', 'Ordinary')":0.0306927806,"('FXOG', 'Uncrossing')":0.027,"('HXSP', 'Automatic')":2.456122449,"('HXSP', 'Large')":2.47918,"('HXSP', 'Ordinary')":2.0705677468}